"path","bytes","sha256"
"REPRODUCTION.txt","2966","5078772ece70e29854785b824463c4f6360fe9de0a8be043d7d9c82c9d2e4cc6"
"sim/config/constrained_exact_protocol.yml","5281","b82331a39f265b2f625d8f2f2cc7e7e79b56296b9b4aade5edfea6f7f6d235f8"
"sim/src/region_restricted_smc.R","117028","00d619954a34e780ccc0f6696b1fdffd41fe170d8301b5da73d26ca90f243fae"
"sim/src/exact_gaussian_helpers.R","33706","a6d2dfcb7e903245603812a54efa312bf021c474dcf0ad9abf177fc7f0baceb9"
"sim/exact_bma.R","5257","99b0502f98ba17cf6b6883b82d65368560ad324bbf15e2abc75923231de6008e"
"sim/run_constrained_exact_study.R","23885","b54c2554656e94d01adb33e1f150f409969644dec5f948f6303624611b113195"
"sim/merge_constrained_exact_chunks.R","3088","74e814774e9efad6e006e9ae87953a7aacf02640b1203ad2c2b55dc63d29d030"
"sim/audit_constrained_exact_production.R","5180","345bea9a1bfebac9ca009b724859a1e9ade1ab067ffbe29f97a2de61ede09110"
"sim/summarize_tmlr_revision_results.R","4841","a36e32af7adb4534714a7f391511b01db63cd0d41997366f3a82f52cc37c4226"
"sim/make_tmlr_revision_figures.R","3754","6e144f3eef0676f083a89ddc2101adac89742928696c4a6c2a7b3c42d65d6f0f"
"sim/validate_tmlr_revision_protocol.R","4321","4c0aa16ec93fee460922e2455382c727d2636ecef049cd7b7ae6048e13c6685d"
"sim/verify_release.R","20468","5a2459d7bfd6a76b1a102fd80ccefc7eb4949e5ff89027cf93c45eace2acc61c"
"sim/run_region_restricted_smc_unit_tests.R","30745","a28cc405fbae6ce56ed9bf94b905260522694d60c46fc8b105bbd6f999a97270"
"sim/run_constrained_region_search_unit_tests.R","12456","e9482121033e8dad096fae4871a7fc18f0b1919e988e933e75f1a40907e85f74"
"sim/run_factorized_region_mass_unit_tests.R","4755","adc97d036b668adb85fbbccdff53bfc036b85e2208457e5af6c7b26ca455f94d"
"sim/output/computational_study/constrained_exact_p12_aligned.csv","305685","b3dc0c47265d686fa0568c6b1d6f885cec57982dc60457ae5033a90d127e8875"
"sim/output/computational_study/constrained_exact_p12_perturbed.csv","325914","72eb2f831d7eab62afe96d292bb0abbeaf2e84f2494b3eed601ab57bd9695bcb"
"sim/output/computational_study/constrained_exact_p12_crossed.csv","320028","2463cad014048ee7c690a552af8d00f2e21bcd35776a6dbd550cf5b10246de1b"
"sim/output/computational_study/constrained_exact_p16_aligned.csv","305375","0be15414c0604b407ea5b92a48802731a443c5e222a62d73e037be055e8602c4"
"sim/output/computational_study/constrained_exact_p16_perturbed.csv","328190","494a3678c54dac63887f572d10e23ca78a7acb3df94ee08831df9931171a4eae"
"sim/output/computational_study/constrained_exact_p16_crossed.csv","313166","29a16dfe1347a6a11bc62a2fe52c6c1b6752dfd3db4ede35a333baedff99c8f9"
"sim/output/computational_study/constrained_exact_gate1_audit.csv","434","6a4eedabea854716c84743d7b077453585e21a0fcd7b9f9d1ae563338c30b03d"
"sim/output/computational_study/tmlr_constrained_exact_summary.csv","17145","be8aaa22712d3a666cafdc8ec04f75bc0e6ab269b0d278862553eb3ca00d56a1"
