"p","regime","epsilon","interval_mode","replications","bounds_met_rate","budget_exhausted_rate","tolerance_not_met_rate","uninformative_evidence_rate","finite_incumbent_rate","simultaneous_coverage_rate","omitted_mass_coverage_rate","epsilon_feasible_rate","exact_cost_optimal_rate","mean_true_omitted_mass","se_true_omitted_mass","mean_omitted_mass_bound","se_omitted_mass_bound","mean_exact_optimal_cost","se_exact_optimal_cost","mean_certified_cost_lower","se_certified_cost_lower","mean_certified_cost_upper","se_certified_cost_upper","mean_certified_cost_gap","se_certified_cost_gap","median_certified_cost_gap","q90_certified_cost_gap","mean_selected_cost","mean_true_cost_suboptimality","se_true_cost_suboptimality","mean_maximum_pip_error","se_maximum_pip_error","mean_raw_score_requests","se_raw_score_requests","mean_distinct_score_evaluations","se_distinct_score_evaluations","mean_elapsed_seconds","maximum_budget_overshoot"
12,"aligned",0.01,"exact",100,1,0,0,0,1,0.99,1,1,1,0.00962833767804386,3.56164019148485e-05,0.00962833767804386,3.5616401914839e-05,114.11,2.50602889210815,114.11,2.50602889210815,114.11,2.50602889210815,0,0,0,0,114.11,0,0,0.00354796484447689,6.29370026473271e-05,98.32,1.15704953928673,68.68,0.756370920710844,1.9287,0
12,"aligned",0.01,"stochastic",100,1,0,0,0,1,0.99,1,1,1,0.00962833767804386,3.56164019148485e-05,0.00962833767804426,3.56164019148402e-05,114.11,2.50602889210815,114.11,2.50602889210815,114.11,2.50602889210815,0,0,0,0,114.11,0,0,0.00354796484447689,6.29370026473271e-05,98.32,1.15704953928673,68.68,0.756370920710844,1.5083,0
12,"aligned",0.05,"exact",100,1,0,0,0,1,0.99,1,1,1,0.0420616897423228,0.000628796999412795,0.0420616897423228,0.000628796999412786,54.76,1.0974828868227,54.76,1.0974828868227,54.76,1.0974828868227,0,0,0,0,54.76,0,0,0.0165161080178925,0.000370976760340773,72.31,0.735903896887729,51.45,0.483333333333333,0.9453,0
12,"aligned",0.05,"stochastic",100,1,0,0,0,1,0.99,1,1,1,0.0420616897423228,0.000628796999412795,0.0420616897423245,0.000628796999412814,54.76,1.0974828868227,54.76,1.0974828868227,54.76,1.0974828868227,0,0,0,0,54.76,0,0,0.0165161080178925,0.000370976760340773,72.31,0.735903896887729,51.45,0.483333333333333,0.9231,0
12,"aligned",0.1,"exact",100,1,0,0,0,1,1,1,1,1,0.0901244082748875,0.000748041538097709,0.0901244082748876,0.000748041538097705,36.58,0.77187689393707,36.58,0.77187689393707,36.58,0.77187689393707,0,0,0,0,36.58,0,0,0.0269887454156131,0.00067012712446499,66.04,0.678072133465031,47.28,0.446100953379457,0.6903,0
12,"aligned",0.1,"stochastic",100,1,0,0,0,1,1,1,1,1,0.0901244082748875,0.000748041538097709,0.0901244082748912,0.000748041538097732,36.58,0.77187689393707,36.58,0.77187689393707,36.58,0.77187689393707,0,0,0,0,36.58,0,0,0.0269887454156131,0.00067012712446499,66.04,0.678072133465031,47.28,0.446100953379457,0.6592,0
12,"aligned",0.2,"exact",100,1,0,0,0,1,1,1,1,1,0.171967858775729,0.00172145106043546,0.171967858775729,0.00172145106043544,15.35,0.566466096411637,15.35,0.566466096411637,15.35,0.566466096411637,0,0,0,0,15.35,0,0,0.0437246321048139,0.000995028810778897,47.74,0.889514678707644,35.11,0.591504672659293,0.3091,0
12,"aligned",0.2,"stochastic",100,1,0,0,0,1,1,1,1,1,0.171967858775729,0.00172145106043546,0.171967858775736,0.00172145106043551,15.35,0.566466096411637,15.35,0.566466096411637,15.35,0.566466096411637,0,0,0,0,15.35,0,0,0.0437246321048139,0.000995028810778897,47.74,0.889514678707644,35.11,0.591504672659293,0.267,0
12,"crossed",0.01,"exact",100,1,0,0,0,1,1,1,1,1,0.00984144870361918,1.43087076955956e-05,0.00984144870361889,1.43087076955716e-05,296.32,8.33608294031908,296.32,8.33608294031908,296.32,8.33608294031908,0,0,0,0,296.32,0,0,0.00393326118526874,7.05991555375557e-05,169.24,2.90224991092334,116.08,1.92682708779554,4.9028,0
12,"crossed",0.01,"stochastic",100,0,0.07,0.92,0.01,0.92,0.99,1,0.92,0,0.0800070012474075,0.0272657852414217,0.0802952377619439,0.027257763355644,296.32,8.33608294031908,7.87,0.0597215762238964,2253.88043478261,8.14368462266742,2246.02173913043,8.15298037100382,2260,2261,2253.88043478261,1959.61956521739,12.5918587747624,7.38968065695367e-06,4.28230383737885e-06,8780.53,693.830209261487,280.1,0.814452781524708,84.7937,0
12,"crossed",0.05,"exact",100,1,0,0,0,1,1,1,1,1,0.048524615257763,0.000129537178105496,0.0485246152577627,0.000129537178105483,132.28,4.43462227788058,132.28,4.43462227788058,132.28,4.43462227788058,0,0,0,0,132.28,0,0,0.0170838220013582,0.000327054154902105,114.97,2.33296339058678,79.93,1.54960112169669,2.1037,0
12,"crossed",0.05,"stochastic",100,0,0.07,0.92,0.01,0.92,0.99,1,0.92,0,0.0800351450740992,0.0272649588769551,0.0814596844806255,0.027235480106171,132.28,4.43462227788058,7.79,0.0591095541679972,2250.67391304348,9.92904964848289,2242.88043478261,9.93320792987555,2260,2261,2250.67391304348,2120.04347826087,11.2592364063363,3.73617061566612e-05,2.23539178705859e-05,8780.53,693.830209261487,280.2,0.814762777646588,89.638,0
12,"crossed",0.1,"exact",100,1,0,0,0,1,1,1,1,1,0.0952072042799961,0.000519117321055369,0.0952072042799959,0.000519117321055355,82.95,3.02145108626082,82.95,3.02145108626082,82.95,3.02145108626082,0,0,0,0,82.95,0,0,0.0301649743801206,0.000632759555066539,91.18,1.95579325919875,64.1,1.30209621205752,1.4967,0
12,"crossed",0.1,"stochastic",100,0,0.07,0.93,0,0.93,0.99,1,0.93,0,0.0700895709642458,0.0256408131653942,0.0737780912650473,0.0256066529450858,82.95,3.02145108626082,7.73,0.0583528106011228,2245.21505376344,11.337895942361,2237.48387096774,11.3397282741379,2260,2261,2245.21505376344,2163.54838709677,11.9878339072575,9.25469055195158e-05,4.83258262324757e-05,8780.53,693.830209261487,280.06,0.791344591582114,90.9147,0
12,"crossed",0.2,"exact",100,1,0,0,0,1,1,1,1,1,0.186607212553052,0.00134354620685013,0.186607212553052,0.00134354620685013,46.3,1.81099336544808,46.3,1.81099336544808,46.3,1.81099336544808,0,0,0,0,46.3,0,0,0.0649055923736254,0.00182516883810239,72.25,1.70580559480637,51.49,1.13649247754446,0.9778,0
12,"crossed",0.2,"stochastic",100,0,0.07,0.93,0,0.93,0.99,1,0.93,0,0.0705290305796943,0.0256314166528004,0.0829224601797823,0.0257261957928337,46.3,1.81099336544808,7.7,0.0559581373109678,2226.08602150538,15.5943092669512,2218.38709677419,15.5831857594875,2260,2261,2226.08602150538,2180.48387096774,15.81195460971,0.000372502884259356,0.000221198535115419,8780.53,693.830209261487,280.13,0.792089042030661,85.1477,0
12,"perturbed",0.01,"exact",100,1,0,0,0,1,1,1,1,1,0.00964380622657834,2.65198043209388e-05,0.00964380622657825,2.65198043209161e-05,110.18,2.06761366377432,110.18,2.06761366377432,110.18,2.06761366377432,0,0,0,0,110.18,0,0,0.00345859447490798,4.97769601534832e-05,96.85,0.998521634490437,67.72,0.657064177484463,2.1725,0
12,"perturbed",0.01,"stochastic",100,0,0.99,0.01,0,1,1,1,1,0,0.0036934497694129,0.000232112651089364,0.00935403937957868,7.75657621626542e-05,110.18,2.06761366377432,51.84,3.11981998962709,182.17,5.93026912704575,130.33,7.94437803885505,122.5,238.1,182.17,71.99,5.45244815739599,0.00159810677274975,9.05266076440159e-05,24323.97,70.1502449004703,554.27,28.721254773383,16.607,0
12,"perturbed",0.05,"exact",100,1,0,0,0,1,1,1,1,1,0.0417112465153343,0.000648535120386143,0.0417112465153342,0.000648535120386108,52.23,0.776141062884157,52.23,0.776141062884157,52.23,0.776141062884157,0,0,0,0,52.23,0,0,0.0165084302325728,0.000393296011193325,70.3,0.555141259664437,50.15,0.369103472941361,0.8408,0
12,"perturbed",0.05,"stochastic",100,0.01,0.98,0.01,0,1,1,1,1,0.04,0.014775691949726,0.0008816858168299,0.0435147355574764,0.000905082003554933,52.23,0.776141062884157,22.51,1.60746333825639,102.48,4.97964503217495,79.97,6.06034394130141,68.5,154.7,102.48,50.25,4.82678501026859,0.00589029054566543,0.000347781687813201,24098.55,230.015434868571,541.28,28.085393162477,15.537,0
12,"perturbed",0.1,"exact",100,1,0,0,0,1,1,1,1,1,0.0896227187168568,0.000850502349838668,0.0896227187168567,0.000850502349838664,35.52,0.590579239716262,35.52,0.590579239716262,35.52,0.590579239716262,0,0,0,0,35.52,0,0,0.0265162161360359,0.000550813722710058,64.93,0.528626006308292,46.56,0.352285467348641,0.712,0
12,"perturbed",0.1,"stochastic",100,0,0.99,0.01,0,1,1,1,1,0,0.0311405543034892,0.0022381787303515,0.086876935711921,0.00126025660297453,35.52,0.590579239716262,14.29,0.829542285866371,76.58,4.08963162994992,62.29,4.49624523487334,47,118,76.58,41.06,3.98737451909845,0.0122419221520486,0.000896665498780392,24323.97,70.1502449004703,552.48,28.6001606268005,15.6588,0
12,"perturbed",0.2,"exact",100,1,0,0,0,1,1,1,1,1,0.175913690329456,0.00161695588667699,0.175913690329456,0.00161695588667701,14.34,0.545730906420208,14.34,0.545730906420208,14.34,0.545730906420208,0,0,0,0,14.34,0,0,0.0455687442834532,0.00137375273576063,46.96,0.875816502159297,34.61,0.584979495453482,0.3671,0
12,"perturbed",0.2,"stochastic",100,0,0.99,0.01,0,1,1,1,1,0.01,0.0691420612323267,0.00470127518335353,0.179288224489879,0.00184363659955759,14.34,0.545730906420208,9.52,0.207671068585089,53.17,3.51418640094774,43.65,3.53860027683149,37,87.1,53.17,38.83,3.43161342622835,0.0232896836946106,0.00135968790389046,24323.97,70.1502449004703,551.31,28.7720778470441,15.4861,0
16,"aligned",0.01,"exact",100,1,0,0,0,1,1,1,1,1,0.00974151516219953,2.33586728262423e-05,0.00974151516219947,2.33586728262332e-05,172.88,4.25415495056707,172.88,4.25415495056707,172.88,4.25415495056707,0,0,0,0,172.88,0,0,0.00288356424341927,4.3488023771663e-05,148.11,1.6947271166769,102.68,1.12392530036835,35.5864,0
16,"aligned",0.01,"stochastic",100,1,0,0,0,1,1,1,1,1,0.00974151516219953,2.33586728262423e-05,0.00974151516220019,2.33586728262344e-05,172.88,4.25415495056707,172.88,4.25415495056707,172.88,4.25415495056707,0,0,0,0,172.88,0,0,0.00288356424341927,4.3488023771663e-05,148.11,1.6947271166769,102.68,1.12392530036835,37.4168,0
16,"aligned",0.05,"exact",100,1,0,0,0,1,1,1,1,1,0.0434575567357488,0.000520519086727383,0.0434575567357487,0.00052051908672739,72.65,1.77845552106429,72.65,1.77845552106429,72.65,1.77845552106429,0,0,0,0,72.65,0,0,0.0154247712244513,0.000335895558644464,99.15,1.21757956618859,70.07,0.80632036142747,19.2298,0
16,"aligned",0.05,"stochastic",100,1,0,0,0,1,1,1,1,1,0.0434575567357488,0.000520519086727383,0.043457556735752,0.000520519086727427,72.65,1.77845552106429,72.65,1.77845552106429,72.65,1.77845552106429,0,0,0,0,72.65,0,0,0.0154247712244513,0.000335895558644464,99.15,1.21757956618859,70.07,0.80632036142747,19.4505,0
16,"aligned",0.1,"exact",100,1,0,0,0,1,1,1,1,1,0.0903025983531331,0.000662360285770207,0.090302598353133,0.000662360285770223,47.76,1.06136180866323,47.76,1.06136180866323,47.76,1.06136180866323,0,0,0,0,47.76,0,0,0.0224502919133586,0.000560336535835167,88.29,0.730199225616481,62.83,0.480331325043643,15.3275,0
16,"aligned",0.1,"stochastic",100,1,0,0,0,1,1,1,1,1,0.0903025983531331,0.000662360285770207,0.0903025983531396,0.000662360285770265,47.76,1.06136180866323,47.76,1.06136180866323,47.76,1.06136180866323,0,0,0,0,47.76,0,0,0.0224502919133586,0.000560336535835167,88.29,0.730199225616481,62.83,0.480331325043643,14.5811,0
16,"aligned",0.2,"exact",100,1,0,0,0,1,1,1,1,1,0.178339168965048,0.00127106135601038,0.178339168965048,0.0012710613560103,18.74,0.770231501340062,18.74,0.770231501340062,18.74,0.770231501340062,0,0,0,0,18.74,0,0,0.0409227599599481,0.00109087002079257,61.98,1.21147543403601,45.31,0.806625969421673,6.7509,0
16,"aligned",0.2,"stochastic",100,1,0,0,0,1,1,1,1,1,0.178339168965048,0.00127106135601038,0.178339168965061,0.00127106135601035,18.74,0.770231501340062,18.74,0.770231501340062,18.74,0.770231501340062,0,0,0,0,18.74,0,0,0.0409227599599481,0.00109087002079257,61.98,1.21147543403601,45.31,0.806625969421673,6.5966,0
16,"crossed",0.01,"exact",100,1,0,0,0,1,1,1,1,1,0.00992366603017503,6.8981349312e-06,0.00992366603017496,6.89813493118423e-06,405.58,14.4095940262035,405.58,14.4095940262035,405.58,14.4095940262035,0,0,0,0,405.58,0,0,0.00354045556608753,6.17265712968601e-05,263.25,5.69168053150625,179.49,3.79216350391225,91.2094,0
16,"crossed",0.01,"stochastic",100,0,0.37,0.63,0,0.63,1,1,0.63,0,0.37,0.048523658709391,0.37,0.048523658709391,405.58,14.4095940262035,8.75,0.0519809599951771,8019,0,8010.2380952381,0.06284876358058,8010,8011,8019,7613.31746031746,16.5682628863927,3.04518315325757e-15,2.64676271506952e-16,13661.82,961.031968311758,834.18,7.30222575726751,2796.9294,0
16,"crossed",0.05,"exact",100,1,0,0,0,1,1,1,1,1,0.0485733990793165,0.000138087586606285,0.0485733990793165,0.000138087586606237,160.93,6.4815706881788,160.93,6.4815706881788,160.93,6.4815706881788,0,0,0,0,160.93,0,0,0.0164825280040366,0.000304318430640046,158.49,3.97081512126575,109.66,2.64721008084383,27.6726,0
16,"crossed",0.05,"stochastic",100,0,0.37,0.63,0,0.63,1,1,0.63,0,0.37,0.048523658709391,0.37,0.048523658709391,160.93,6.4815706881788,8.68,0.0529531906880067,8019,0,8010.31746031746,0.0632997599807333,8010,8011,8019,7858.09523809524,7.6277216369685,3.04518315325757e-15,2.64676271506952e-16,13661.82,961.031968311758,833.79,7.24959483368038,2706.6744,0
16,"crossed",0.1,"exact",100,1,0,0,0,1,1,1,1,1,0.0965309734879797,0.000345484031681449,0.0965309734879795,0.000345484031681455,95.9,4.01516066322571,95.9,4.01516066322571,95.9,4.01516066322571,0,0,0,0,95.9,0,0,0.0268832064420182,0.000654657593716809,124.59,2.97457559998061,87.06,1.98305039998707,18.3496999999999,0
16,"crossed",0.1,"stochastic",100,0,0.37,0.63,0,0.63,1,1,0.63,0,0.37,0.048523658709391,0.37,0.048523658709391,95.9,4.01516066322571,8.66,0.0516788841859716,8019,0,8010.33333333333,0.0640020480983092,8010,8011,8019,7923.95238095238,4.61283570450743,3.04518315325757e-15,2.64676271506952e-16,13661.82,961.031968311758,834.32,7.2238644908261,2640.7583,0
16,"crossed",0.2,"exact",100,1,0,0,0,1,1,1,1,1,0.188823707553229,0.00105583206351568,0.188823707553229,0.00105583206351572,47.99,2.18444894005723,47.99,2.18444894005723,47.99,2.18444894005723,0,0,0,0,47.99,0,0,0.0571963980716638,0.00157485070392957,92.04,2.23845726094802,65.36,1.49230484063201,11.2498,0
16,"crossed",0.2,"stochastic",100,0,0.37,0.63,0,0.63,1,1,0.63,0,0.37,0.048523658709391,0.37,0.048523658709391,47.99,2.18444894005723,8.64,0.0502920762078176,8019,0,8010.34920634921,0.0646338704059325,8010,8011,8019,7971.52380952381,2.60015529321346,3.04518315325757e-15,2.64676271506952e-16,13661.82,961.031968311758,834.17,7.2939584104195,2541.2921,0
16,"perturbed",0.01,"exact",100,1,0,0,0,1,1,1,1,1,0.00973550709463363,2.26045724114455e-05,0.00973550709463418,2.26045724114857e-05,174.69,4.25993064390831,174.69,4.25993064390831,174.69,4.25993064390831,0,0,0,0,174.69,0,0,0.00302716420124341,4.74344135115903e-05,150.36,1.91799137357051,104.22,1.27719547557462,46.2452,0
16,"perturbed",0.01,"stochastic",100,0,1,0,0,0.98,1,1,0.98,0,0.0227908651655063,0.0140316692645554,0.0294101096903283,0.0139355064615178,174.69,4.25993064390831,65.61,4.11321828334756,335.387755102041,14.4196930401006,270.928571428571,16.5314334407305,219,505.6,335.387755102041,161.387755102041,12.1071521555007,0.00122118512124334,7.57005629629013e-05,24207.53,60.3881660341635,740.26,31.142690891437,269.5949,0
16,"perturbed",0.05,"exact",100,1,0,0,0,1,1,1,1,1,0.0424891328249555,0.000493511246009577,0.042489132824956,0.000493511246009584,73.23,1.89852973416672,73.23,1.89852973416672,73.23,1.89852973416672,0,0,0,0,73.23,0,0,0.0147645782068517,0.000261548656599917,99.69,1.33882920358186,70.46,0.892552802387906,16.4643,0
16,"perturbed",0.05,"stochastic",100,0,1,0,0,1,1,1,1,0,0.0132663095640444,0.000820084008830365,0.0464161168968399,0.000580441677579425,73.23,1.89852973416672,24.36,1.90456760913804,177.54,10.3998875285294,153.18,11.3282018686002,140.5,286.1,177.54,104.31,9.7420021068826,0.00484205808714161,0.000289648813870608,24220.65,60.6216689181702,740.92,30.8278690653621,249.0623,0
16,"perturbed",0.1,"exact",100,1,0,0,0,1,1,1,1,1,0.0899860247882203,0.000732450828530745,0.0899860247882208,0.000732450828530717,48.34,1.11764724020388,48.34,1.11764724020388,48.34,1.11764724020388,0,0,0,0,48.34,0,0,0.0225891906272562,0.000540570665533069,89.01,0.87807123339117,63.34,0.58538082226078,14.5224,0
16,"perturbed",0.1,"stochastic",100,0,1,0,0,1,1,1,1,0,0.0263802485138926,0.00188551545599613,0.09040804935083,0.00117818964472109,48.34,1.11764724020388,15.07,0.91190277259512,128.73,8.4805047376946,113.66,8.78797640489148,85.5,219.9,128.73,80.39,8.01213593383326,0.0093526730735071,0.000660912225330647,24220.65,60.6216689181702,739.64,30.8710597044016,246.4392,0
16,"perturbed",0.2,"exact",100,1,0,0,0,1,1,1,1,1,0.177845975298813,0.00144173638944577,0.177845975298813,0.00144173638944581,19.33,0.826707599182114,19.33,0.826707599182114,19.33,0.826707599182114,0,0,0,0,19.33,0,0,0.0414792777333725,0.000853158281274136,64.47,1.29087355905005,46.98,0.860582372700034,7.51099999999999,0
16,"perturbed",0.2,"stochastic",100,0,1,0,0,1,1,1,1,0,0.0574375806119882,0.00396112392275555,0.181626620333997,0.00180748137510349,19.33,0.826707599182114,10.74,0.306370080560466,88.09,6.54167826673359,77.35,6.58975904281972,53,152.1,88.09,68.76,6.23778191605984,0.0189410382874134,0.00123909164977258,24220.65,60.6216689181702,739.62,30.8570041162505,236.6249,0
